dEven,fold_id,market_breadth_regime,candidate_events,gate_pass_events,threshold_pass_events,policy_eligible_events,daily_maximum_quota,selected_signals,selected_score_cutoff,zero_signal_date
2017-09-19,1,recovery_negative,119,119,119,119,6,6,0.6733298897743225,False
2017-09-20,1,recovery_negative,121,121,121,121,7,7,0.6682710647583008,False
2017-09-23,1,recovery_negative,119,119,119,119,6,6,0.6279007196426392,False
2017-09-24,1,recovery_negative,110,110,110,110,6,6,0.6141920685768127,False
2017-09-25,1,recovery_negative,111,111,111,111,6,6,0.5907748937606812,False
2017-09-26,1,recovery_negative,114,114,114,114,6,6,0.5972797870635986,False
2017-09-27,1,deterioration,108,0,108,0,6,0,,True
2017-10-02,1,deterioration,122,0,122,0,7,0,,True
2017-10-03,1,deterioration,126,0,126,0,7,0,,True
2017-10-04,1,deterioration,123,0,123,0,7,0,,True
2017-10-07,1,deterioration,115,0,115,0,6,0,,True
2017-10-08,1,deterioration,114,0,114,0,6,0,,True
2017-10-09,1,deterioration,103,0,103,0,6,0,,True
2017-10-10,1,deterioration,110,0,110,0,6,0,,True
2017-10-11,1,deterioration,108,0,108,0,6,0,,True
2017-10-14,1,recovery_negative,116,116,116,116,6,6,0.6605981588363647,False
2017-10-15,1,recovery_negative,120,120,120,120,6,6,0.6374975442886353,False
2017-10-16,1,recovery_negative,122,122,122,122,7,7,0.6274148225784302,False
2017-10-17,1,recovery_negative,109,109,109,109,6,6,0.613592803478241,False
2017-10-18,1,recovery_negative,109,109,109,109,6,6,0.6359882950782776,False
2017-10-21,1,recovery_negative,110,110,110,110,6,6,0.5742369890213013,False
2017-10-22,1,recovery_negative,104,104,104,104,6,6,0.5635892748832703,False
2017-10-23,1,deterioration,92,0,92,0,5,0,,True
2017-10-24,1,deterioration,83,0,83,0,5,0,,True
2017-10-25,1,deterioration,89,0,89,0,5,0,,True
2017-10-28,1,deterioration,99,0,99,0,5,0,,True
2017-10-29,1,deterioration,97,0,97,0,5,0,,True
2017-10-30,1,deterioration,108,0,108,0,6,0,,True
2017-10-31,1,recovery_negative,105,105,105,105,6,6,0.6262127757072449,False
2017-11-01,1,recovery_negative,114,114,114,114,6,6,0.5671981573104858,False
2017-11-04,1,recovery_negative,120,120,120,120,6,6,0.6237110495567322,False
2017-11-05,1,recovery_negative,109,109,109,109,6,6,0.534494936466217,False
2017-11-06,1,recovery_negative,117,117,117,117,6,6,0.5353427529335022,False
2017-11-07,1,recovery_negative,108,108,108,108,6,6,0.5880289077758789,False
2017-11-08,1,deterioration,109,0,109,0,6,0,,True
2017-11-11,1,deterioration,113,0,113,0,6,0,,True
2017-11-12,1,deterioration,107,0,107,0,6,0,,True
2017-11-13,1,deterioration,114,0,114,0,6,0,,True
2017-11-14,1,deterioration,108,0,108,0,6,0,,True
2017-11-15,1,deterioration,122,0,122,0,7,0,,True
2017-11-18,1,deterioration,120,0,120,0,6,0,,True
2017-11-20,1,deterioration,120,0,120,0,6,0,,True
2017-11-21,1,deterioration,124,0,124,0,7,0,,True
2017-11-22,1,deterioration,129,0,129,0,7,0,,True
2017-11-25,1,recovery_negative,126,126,126,126,7,7,0.6337945461273193,False
2017-11-26,1,recovery_negative,134,134,134,134,7,7,0.6157746315002441,False
2017-11-28,1,recovery_negative,124,124,124,124,7,7,0.612751841545105,False
2017-11-29,1,recovery_negative,139,139,139,139,7,7,0.6209841370582581,False
2017-12-02,1,recovery_negative,137,137,137,137,7,7,0.6263762712478638,False
2017-12-03,1,deterioration,133,0,133,0,7,0,,True
2017-12-04,1,deterioration,130,0,130,0,7,0,,True
2017-12-05,1,deterioration,131,0,131,0,7,0,,True
2017-12-09,1,deterioration,137,0,137,0,7,0,,True
2017-12-10,1,deterioration,144,0,144,0,8,0,,True
2017-12-11,1,deterioration,143,0,143,0,8,0,,True
2017-12-12,1,deterioration,133,0,133,0,7,0,,True
2017-12-13,1,recovery_negative,141,141,141,141,8,8,0.5925085544586182,False
2017-12-16,1,recovery_negative,123,123,123,123,7,7,0.5754064917564392,False
2017-12-17,1,recovery_negative,123,123,123,123,7,7,0.5725451707839966,False
2017-12-18,1,recovery_negative,133,133,133,133,7,7,0.5864872336387634,False
2017-12-19,1,recovery_negative,126,126,126,126,7,7,0.5745052099227905,False
2017-12-20,1,recovery_negative,134,134,134,134,7,7,0.5559778809547424,False
2017-12-23,1,recovery_negative,128,128,128,128,7,7,0.5319827795028687,False
2017-12-24,1,recovery_negative,129,129,129,129,7,7,0.5277420878410339,False
2017-12-25,1,recovery_negative,135,135,135,135,7,7,0.572909414768219,False
2017-12-26,1,deterioration,126,0,126,0,7,0,,True
2017-12-27,1,deterioration,132,0,132,0,7,0,,True
2017-12-30,1,deterioration,116,0,116,0,6,0,,True
2017-12-31,1,deterioration,107,0,107,0,6,0,,True
2018-01-01,1,deterioration,102,0,99,0,6,0,,True
2018-01-02,1,deterioration,87,0,29,0,5,0,,True
2018-01-03,1,deterioration,85,0,30,0,5,0,,True
2018-01-06,1,deterioration,94,0,57,0,5,0,,True
2018-01-07,1,recovery_negative,96,96,96,96,5,5,0.4888408780097961,False
2018-01-08,1,recovery_negative,99,99,99,99,5,5,0.5070527195930481,False
2018-01-09,1,recovery_negative,84,84,65,65,5,5,0.4551172852516174,False
2018-01-10,1,recovery_negative,98,98,88,88,5,5,0.4707991480827331,False
2018-01-13,1,recovery_negative,91,91,91,91,5,5,0.4893435537815094,False
2018-01-14,1,recovery_negative,79,79,32,32,4,4,0.428666353225708,False
2018-01-15,1,recovery_negative,75,75,55,55,4,4,0.4521697163581848,False
2018-01-16,1,recovery_negative,69,69,31,31,4,4,0.4571116268634796,False
2018-01-17,1,recovery_negative,88,88,33,33,5,5,0.4387170076370239,False
2018-01-20,1,deterioration,74,0,23,0,4,0,,True
2018-01-21,1,deterioration,70,0,38,0,4,0,,True
2018-01-22,1,deterioration,78,0,46,0,4,0,,True
2018-01-23,1,recovery_negative,94,94,40,40,5,5,0.4475364089012146,False
2018-01-24,1,recovery_negative,98,98,56,56,5,5,0.4727951288223266,False
2018-01-27,1,recovery_negative,112,112,72,72,6,6,0.4706918001174927,False
2018-01-28,1,recovery_negative,110,110,110,110,6,6,0.5575051307678223,False
2018-01-29,1,recovery_negative,125,125,125,125,7,7,0.6009156107902527,False
2018-01-30,1,deterioration,124,0,124,0,7,0,,True
2018-01-31,1,deterioration,128,0,128,0,7,0,,True
2018-02-03,2,deterioration,127,0,127,0,7,0,,True
2018-02-04,2,deterioration,112,0,112,0,6,0,,True
2018-02-05,2,recovery_negative,104,104,104,104,6,6,0.5749560594558716,False
2018-02-06,2,recovery_negative,107,107,107,107,6,6,0.5323042869567871,False
2018-02-07,2,recovery_negative,108,108,108,108,6,6,0.5399717092514038,False
2018-02-10,2,recovery_negative,108,108,108,108,6,6,0.556475043296814,False
2018-02-12,2,recovery_negative,115,115,115,115,6,6,0.5651726722717285,False
2018-02-13,2,deterioration,97,0,97,0,5,0,,True
2018-02-14,2,recovery_negative,113,113,113,113,6,6,0.5234696269035339,False
2018-02-17,2,deterioration,113,0,113,0,6,0,,True
2018-02-18,2,deterioration,121,0,121,0,7,0,,True
2018-02-19,2,deterioration,109,0,109,0,6,0,,True
2018-02-21,2,deterioration,114,0,114,0,6,0,,True
2018-02-24,2,deterioration,116,0,116,0,6,0,,True
2018-02-25,2,deterioration,108,0,108,0,6,0,,True
2018-02-26,2,deterioration,130,0,130,0,7,0,,True
2018-02-27,2,deterioration,114,0,114,0,6,0,,True
2018-02-28,2,deterioration,127,0,127,0,7,0,,True
2018-03-03,2,recovery_negative,129,129,129,129,7,7,0.5663151741027832,False
2018-03-04,2,deterioration,124,0,124,0,7,0,,True
2018-03-05,2,deterioration,133,0,133,0,7,0,,True
2018-03-06,2,deterioration,132,0,132,0,7,0,,True
2018-03-07,2,deterioration,132,0,132,0,7,0,,True
2018-03-10,2,deterioration,140,0,140,0,7,0,,True
2018-03-11,2,deterioration,137,0,137,0,7,0,,True
2018-03-12,2,deterioration,123,0,123,0,7,0,,True
2018-03-13,2,deterioration,122,0,122,0,7,0,,True
2018-03-14,2,deterioration,127,0,127,0,7,0,,True
2018-03-17,2,recovery_negative,116,116,109,109,6,6,0.562963604927063,False
2018-03-18,2,recovery_negative,125,125,125,125,7,7,0.5801293849945068,False
2018-03-19,2,recovery_negative,122,122,122,122,7,7,0.636725902557373,False
2018-03-25,2,recovery_negative,126,126,126,126,7,7,0.587213397026062,False
2018-03-26,2,recovery_negative,145,145,145,145,8,8,0.5682346820831299,False
2018-03-27,2,recovery_negative,146,146,146,146,8,8,0.5759668946266174,False
2018-03-28,2,recovery_negative,152,152,152,152,8,8,0.6255830526351929,False
2018-04-03,2,recovery_negative,142,142,142,142,8,8,0.5839864611625671,False
2018-04-04,2,recovery_negative,148,148,148,148,8,8,0.5846986770629883,False
2018-04-07,2,deterioration,150,0,150,0,8,0,,True
2018-04-08,2,deterioration,130,0,130,0,7,0,,True
2018-04-09,2,deterioration,122,0,122,0,7,0,,True
2018-04-10,2,deterioration,121,0,121,0,7,0,,True
2018-04-11,2,deterioration,118,0,118,0,6,0,,True
2018-04-15,2,deterioration,117,0,117,0,6,0,,True
2018-04-16,2,deterioration,106,0,106,0,6,0,,True
2018-04-17,2,recovery_negative,122,122,122,122,7,7,0.5750278830528259,False
2018-04-18,2,deterioration,117,0,117,0,6,0,,True
2018-04-21,2,recovery_negative,111,111,111,111,6,6,0.6296330690383911,False
2018-04-22,2,recovery_negative,106,106,106,106,6,6,0.6253339052200317,False
2018-04-23,2,recovery_negative,106,106,106,106,6,6,0.6270458698272705,False
2018-04-24,2,recovery_negative,103,103,103,103,6,6,0.6139171719551086,False
2018-04-25,2,recovery_negative,105,105,105,105,6,6,0.5725563764572144,False
2018-04-28,2,deterioration,109,0,109,0,6,0,,True
2018-04-29,2,deterioration,90,0,90,0,5,0,,True
2018-04-30,2,deterioration,92,0,92,0,5,0,,True
2018-05-01,2,deterioration,83,0,83,0,5,0,,True
2018-05-05,2,deterioration,96,0,96,0,5,0,,True
2018-05-06,2,deterioration,90,0,90,0,5,0,,True
2018-05-07,2,recovery_negative,98,98,98,98,5,5,0.5837505459785461,False
2018-05-08,2,recovery_negative,96,96,96,96,5,5,0.5950626134872437,False
2018-05-09,2,recovery_negative,109,109,109,109,6,6,0.6073347926139832,False
2018-05-12,2,recovery_negative,115,115,115,115,6,6,0.6306983232498169,False
2018-05-13,2,recovery_negative,113,113,113,113,6,6,0.5998324155807495,False
2018-05-14,2,recovery_negative,113,113,113,113,6,6,0.5947949290275574,False
2018-05-15,2,recovery_negative,110,110,110,110,6,6,0.5484486222267151,False
2018-05-16,2,recovery_negative,104,104,104,104,6,6,0.5405653715133667,False
2018-05-19,2,recovery_negative,98,98,98,98,5,5,0.5534986257553101,False
2018-05-20,2,recovery_negative,93,93,91,91,5,5,0.5441545844078064,False
2018-05-21,2,recovery_negative,105,105,94,94,6,6,0.5336949825286865,False
2018-05-22,2,deterioration,103,0,82,0,6,0,,True
2018-05-23,2,recovery_negative,117,117,109,109,6,6,0.5483664274215698,False
2018-05-26,2,deterioration,120,0,100,0,6,0,,True
2018-05-27,2,deterioration,122,0,122,0,7,0,,True
2018-05-28,2,deterioration,137,0,137,0,7,0,,True
2018-05-29,2,deterioration,131,0,131,0,7,0,,True
2018-05-30,2,deterioration,135,0,135,0,7,0,,True
2018-06-02,2,deterioration,148,0,148,0,8,0,,True
2018-06-03,2,deterioration,148,0,148,0,8,0,,True
2018-06-09,2,deterioration,144,0,144,0,8,0,,True
2018-06-10,2,recovery_negative,146,146,146,146,8,8,0.5508493185043335,False
2018-06-11,2,recovery_negative,140,140,140,140,7,7,0.5473469495773315,False
2018-06-12,2,recovery_negative,124,124,124,124,7,7,0.6074169874191284,False
2018-06-13,2,recovery_positive,99,99,99,99,5,5,0.6154175400733948,False
2018-06-17,2,recovery_positive,77,77,77,77,4,4,0.5147176384925842,False
2018-06-18,2,recovery_positive,92,92,92,92,5,5,0.545403003692627,False
2018-06-19,2,recovery_positive,90,90,83,83,5,5,0.4999192953109741,False
2018-06-20,2,recovery_positive,79,79,79,79,4,4,0.5770784616470337,False
2018-06-23,2,recovery_positive,69,69,68,68,4,4,0.5036748647689819,False
2018-06-24,2,recovery_positive,64,64,64,64,4,4,0.5638495087623596,False
2018-06-25,2,recovery_positive,65,65,65,65,4,4,0.6455396413803101,False
2018-06-26,2,deterioration,69,0,61,0,4,0,,True
2018-06-27,2,deterioration,77,0,31,0,4,0,,True
2018-06-30,3,deterioration,74,0,13,0,4,0,,True
2018-07-01,3,deterioration,87,0,27,0,5,0,,True
2018-07-02,3,deterioration,78,0,10,0,4,0,,True
2018-07-03,3,deterioration,78,0,14,0,4,0,,True
2018-07-04,3,deterioration,83,0,13,0,5,0,,True
2018-07-07,3,deterioration,83,0,14,0,5,0,,True
2018-07-08,3,deterioration,91,0,17,0,5,0,,True
2018-07-10,3,deterioration,117,0,19,0,6,0,,True
2018-07-11,3,deterioration,127,0,60,0,7,0,,True
2018-07-14,3,deterioration,106,0,10,0,6,0,,True
2018-07-15,3,deterioration,99,0,9,0,5,0,,True
2018-07-16,3,deterioration,102,0,9,0,6,0,,True
2018-07-17,3,deterioration,103,0,12,0,6,0,,True
2018-07-18,3,deterioration,102,0,12,0,6,0,,True
2018-07-21,3,deterioration,80,0,48,0,4,0,,True
2018-07-22,3,deterioration,84,0,58,0,5,0,,True
2018-07-23,3,deterioration,103,0,97,0,6,0,,True
2018-07-24,3,deterioration,112,0,112,0,6,0,,True
2018-07-25,3,recovery_negative,110,110,110,110,6,6,0.5916247367858887,False
2018-07-28,3,deterioration,107,0,107,0,6,0,,True
2018-07-29,3,deterioration,117,0,117,0,6,0,,True
2018-07-30,3,recovery_negative,122,122,122,122,7,7,0.5722218751907349,False
2018-07-31,3,recovery_negative,81,81,81,81,5,5,0.5002450942993164,False
2018-08-01,3,recovery_negative,105,105,104,104,6,6,0.5053654313087463,False
2018-08-04,3,recovery_negative,114,114,112,112,6,6,0.5011576414108276,False
2018-08-05,3,recovery_negative,104,104,104,104,6,6,0.5167903900146484,False
2018-08-06,3,recovery_negative,101,101,101,101,6,6,0.5185801386833191,False
2018-08-07,3,deterioration,99,0,32,0,5,0,,True
2018-08-08,3,recovery_negative,116,116,66,66,6,6,0.4957337379455566,False
2018-08-11,3,recovery_negative,105,105,71,71,6,6,0.4828948974609375,False
2018-08-12,3,recovery_negative,108,108,81,81,6,6,0.4922583997249603,False
2018-08-13,3,recovery_negative,126,126,92,92,7,7,0.5153147578239441,False
2018-08-14,3,recovery_negative,110,110,89,89,6,6,0.5265722274780273,False
2018-08-15,3,recovery_negative,117,117,94,94,6,6,0.536080539226532,False
2018-08-18,3,recovery_positive,107,107,107,107,6,6,0.515276312828064,False
2018-08-19,3,recovery_positive,106,106,106,106,6,6,0.5109615921974182,False
2018-08-20,3,recovery_positive,94,94,94,94,5,5,0.5579005479812622,False
2018-08-21,3,recovery_positive,79,79,78,78,4,4,0.5007736086845398,False
2018-08-25,3,recovery_positive,67,67,67,67,4,4,0.7254022359848022,False
2018-08-26,3,recovery_positive,46,46,46,46,3,3,0.7386422157287598,False
2018-08-27,3,recovery_positive,41,41,41,41,3,3,0.737149715423584,False
2018-08-28,3,recovery_positive,45,45,45,45,3,3,0.6832802891731262,False
2018-08-29,3,recovery_positive,43,43,43,43,3,3,0.7410123944282532,False
2018-09-01,3,recovery_positive,43,43,43,43,3,3,0.7445570826530457,False
2018-09-02,3,deterioration,49,0,49,0,3,0,,True
2018-09-03,3,deterioration,46,0,46,0,3,0,,True
2018-09-04,3,recovery_positive,38,38,38,38,2,2,0.7357797026634216,False
2018-09-05,3,recovery_positive,34,34,34,34,2,2,0.70442795753479,False
2018-09-08,3,recovery_positive,22,22,22,22,2,2,0.6695783734321594,False
2018-09-09,3,recovery_positive,16,16,16,16,1,1,0.6689020991325378,False
2018-09-10,3,recovery_positive,11,11,11,11,1,1,0.6826069951057434,False
2018-09-11,3,recovery_positive,11,11,11,11,1,1,0.7098045349121094,False
2018-09-12,3,recovery_positive,6,6,6,6,1,1,0.6648253202438354,False
2018-09-15,3,recovery_positive,4,4,4,4,1,1,0.6989566683769226,False
2018-09-16,3,recovery_positive,5,5,5,5,1,1,0.6709142327308655,False
2018-09-17,3,broad_advance,4,0,4,0,1,0,,True
2018-09-18,3,broad_advance,2,0,2,0,1,0,,True
2018-09-22,3,broad_advance,1,0,1,0,1,0,,True
2018-09-23,3,broad_advance,1,0,1,0,1,0,,True
2018-09-25,3,broad_advance,1,0,1,0,1,0,,True
2018-09-26,3,broad_advance,1,0,1,0,1,0,,True
2018-09-29,3,broad_advance,1,0,1,0,1,0,,True
2018-10-01,3,broad_advance,1,0,1,0,1,0,,True
2018-10-02,3,broad_advance,2,0,2,0,1,0,,True
2018-10-03,3,broad_advance,2,0,2,0,1,0,,True
2018-10-06,3,deterioration,3,0,3,0,1,0,,True
2018-10-07,3,deterioration,2,0,2,0,1,0,,True
2018-10-08,3,deterioration,3,0,3,0,1,0,,True
2018-10-09,3,deterioration,4,0,4,0,1,0,,True
2018-10-10,3,deterioration,6,0,6,0,1,0,,True
2018-10-13,3,deterioration,9,0,9,0,1,0,,True
2018-10-14,3,deterioration,13,0,13,0,1,0,,True
2018-10-15,3,deterioration,11,0,11,0,1,0,,True
2018-10-16,3,deterioration,6,0,6,0,1,0,,True
2018-10-17,3,deterioration,5,0,5,0,1,0,,True
2018-10-20,3,recovery_positive,5,5,5,5,1,1,0.5649508237838745,False
2018-10-21,3,recovery_positive,7,7,7,7,1,1,0.5657966732978821,False
2018-10-22,3,deterioration,7,0,7,0,1,0,,True
2018-10-23,3,deterioration,19,0,19,0,1,0,,True
2018-10-24,3,deterioration,24,0,24,0,2,0,,True
2018-10-27,3,deterioration,32,0,32,0,2,0,,True
2018-10-28,3,deterioration,19,0,19,0,1,0,,True
2018-10-29,3,deterioration,14,0,14,0,1,0,,True
2018-10-31,3,recovery_negative,16,16,16,16,1,1,0.4953797459602356,False
2018-11-03,3,recovery_negative,24,24,24,24,2,2,0.5353532433509827,False
2018-11-04,3,recovery_negative,34,34,34,34,2,2,0.5768595933914185,False
2018-11-05,3,recovery_negative,23,23,23,23,2,2,0.5343124270439148,False
2018-11-06,3,recovery_negative,62,62,62,62,4,4,0.5251598954200745,False
2018-11-10,3,deterioration,87,0,87,0,5,0,,True
2018-11-11,3,deterioration,87,0,87,0,5,0,,True
2018-11-12,3,recovery_negative,78,78,78,78,4,4,0.5451495051383972,False
2018-11-13,3,deterioration,85,0,85,0,5,0,,True
2018-11-14,3,deterioration,69,0,69,0,4,0,,True
2018-11-17,3,deterioration,89,0,89,0,5,0,,True
2018-11-18,3,deterioration,91,0,91,0,5,0,,True
2018-11-19,3,deterioration,95,0,95,0,5,0,,True
2018-11-20,3,deterioration,111,0,103,0,6,0,,True
2018-11-21,3,deterioration,135,0,135,0,7,0,,True
2018-11-24,3,deterioration,131,0,131,0,7,0,,True
2018-11-26,3,deterioration,148,0,148,0,8,0,,True
2018-11-27,3,deterioration,136,0,135,0,7,0,,True
2018-11-28,3,deterioration,146,0,146,0,8,0,,True
2018-12-01,3,deterioration,159,0,159,0,8,0,,True
2018-12-02,3,deterioration,148,0,145,0,8,0,,True
2018-12-03,3,recovery_negative,150,150,149,149,8,8,0.5047398209571838,False
2018-12-04,3,deterioration,140,0,140,0,7,0,,True
2018-12-05,3,recovery_negative,126,126,126,126,7,7,0.5073441863059998,False
2018-12-08,3,recovery_negative,111,111,111,111,6,6,0.509289026260376,False
2018-12-09,3,recovery_negative,113,113,113,113,6,6,0.5005744099617004,False
2018-12-10,3,recovery_negative,116,116,116,116,6,6,0.4911862313747406,False
2018-12-11,3,recovery_negative,66,66,66,66,4,4,0.4952753186225891,False
2018-12-12,3,deterioration,111,0,109,0,6,0,,True
2018-12-15,3,deterioration,135,0,124,0,7,0,,True
2018-12-16,3,deterioration,136,0,136,0,7,0,,True
2018-12-17,3,deterioration,133,0,133,0,7,0,,True
2018-12-18,3,deterioration,141,0,141,0,8,0,,True
2018-12-19,3,deterioration,139,0,139,0,7,0,,True
2018-12-22,3,deterioration,136,0,131,0,7,0,,True
2018-12-23,3,recovery_negative,133,133,133,133,7,7,0.5479884743690491,False
2018-12-24,3,recovery_negative,165,165,165,165,9,9,0.4984660148620605,False
2018-12-25,3,recovery_negative,159,159,159,159,8,8,0.487631618976593,False
2018-12-26,3,recovery_negative,149,149,149,149,8,8,0.5361555814743042,False
2018-12-29,3,recovery_negative,158,158,158,158,8,8,0.5128393173217773,False
2018-12-30,3,recovery_negative,144,144,144,144,8,8,0.4852328300476074,False
2018-12-31,3,recovery_negative,122,122,112,112,7,7,0.487596720457077,False
2019-01-01,3,recovery_negative,110,110,108,108,6,6,0.4852298498153686,False
2019-01-02,3,recovery_negative,109,109,95,95,6,6,0.4705121219158172,False
2019-01-05,3,recovery_negative,101,101,89,89,6,6,0.5066336393356323,False
2019-01-06,3,recovery_negative,94,94,76,76,5,5,0.4980410039424896,False
2019-01-07,3,recovery_negative,100,100,82,82,5,5,0.4989835321903229,False
2019-01-08,3,recovery_negative,97,97,80,80,5,5,0.499011218547821,False
2019-01-09,3,recovery_negative,88,88,86,86,5,5,0.4911917448043823,False
2019-01-12,3,recovery_negative,92,92,89,89,5,5,0.498956948518753,False
2019-01-13,3,recovery_positive,94,94,94,94,5,5,0.6367955207824707,False
2019-01-14,3,recovery_positive,106,106,106,106,6,6,0.6464747190475464,False
2019-01-15,3,recovery_positive,100,100,100,100,5,5,0.6277036666870117,False
2019-01-16,4,recovery_positive,104,104,104,104,6,6,0.5789743661880493,False
2019-01-19,4,recovery_positive,92,92,92,92,5,5,0.5846379995346069,False
2019-01-20,4,deterioration,103,0,97,0,6,0,,True
2019-01-21,4,deterioration,133,0,116,0,7,0,,True
2019-01-22,4,deterioration,108,0,108,0,6,0,,True
2019-01-23,4,deterioration,97,0,97,0,5,0,,True
2019-01-26,4,deterioration,97,0,84,0,5,0,,True
2019-01-27,4,deterioration,110,0,105,0,6,0,,True
2019-01-28,4,recovery_positive,102,102,102,102,6,6,0.598027229309082,False
2019-01-29,4,deterioration,104,0,104,0,6,0,,True
2019-01-30,4,deterioration,105,0,101,0,6,0,,True
2019-02-02,4,deterioration,109,0,83,0,6,0,,True
2019-02-03,4,deterioration,110,0,81,0,6,0,,True
2019-02-04,4,deterioration,114,0,86,0,6,0,,True
2019-02-05,4,deterioration,112,0,44,0,6,0,,True
2019-02-06,4,deterioration,104,0,44,0,6,0,,True
2019-02-10,4,deterioration,101,0,48,0,6,0,,True
2019-02-12,4,recovery_negative,98,98,97,97,5,5,0.5143164396286011,False
2019-02-13,4,deterioration,108,0,84,0,6,0,,True
2019-02-16,4,deterioration,113,0,80,0,6,0,,True
2019-02-17,4,deterioration,118,0,91,0,6,0,,True
2019-02-18,4,deterioration,118,0,97,0,6,0,,True
2019-02-19,4,deterioration,116,0,83,0,6,0,,True
2019-02-20,4,deterioration,105,0,105,0,6,0,,True
2019-02-23,4,recovery_negative,109,109,109,109,6,6,0.619184136390686,False
2019-02-24,4,recovery_negative,100,100,100,100,5,5,0.6445637345314026,False
2019-02-25,4,recovery_negative,110,110,110,110,6,6,0.6288067698478699,False
2019-02-26,4,recovery_negative,107,107,107,107,6,6,0.5657835006713867,False
2019-02-27,4,recovery_negative,103,103,103,103,6,6,0.6580842733383179,False
2019-03-02,4,recovery_negative,110,110,110,110,6,6,0.557046115398407,False
2019-03-03,4,recovery_negative,103,103,103,103,6,6,0.5634575486183167,False
2019-03-04,4,recovery_negative,103,103,103,103,6,6,0.557506263256073,False
2019-03-05,4,deterioration,106,0,106,0,6,0,,True
2019-03-06,4,deterioration,112,0,112,0,6,0,,True
2019-03-09,4,deterioration,119,0,119,0,6,0,,True
2019-03-10,4,recovery_negative,103,103,103,103,6,6,0.5955349802970886,False
2019-03-11,4,recovery_negative,110,110,110,110,6,6,0.5659562945365906,False
2019-03-12,4,recovery_negative,107,107,107,107,6,6,0.5717028379440308,False
2019-03-13,4,recovery_negative,104,104,104,104,6,6,0.6431669592857361,False
2019-03-16,4,recovery_positive,92,92,92,92,5,5,0.6506085991859436,False
2019-03-17,4,recovery_positive,82,82,82,82,5,5,0.6051524877548218,False
2019-03-18,4,recovery_positive,81,81,81,81,5,5,0.6135572791099548,False
2019-03-19,4,recovery_positive,62,62,62,62,4,4,0.6082500219345093,False
2019-03-25,4,recovery_positive,65,65,65,65,4,4,0.6942132115364075,False
2019-03-26,4,recovery_positive,55,55,55,55,3,3,0.8164465427398682,False
2019-03-27,4,recovery_positive,58,58,58,58,3,3,0.8195383548736572,False
2019-03-30,4,recovery_positive,41,41,41,41,3,3,0.8099262118339539,False
2019-03-31,4,recovery_positive,45,45,45,45,3,3,0.812989354133606,False
2019-04-06,4,recovery_positive,37,37,37,37,2,2,0.8122310042381287,False
2019-04-07,4,recovery_positive,29,29,29,29,2,2,0.8131118416786194,False
2019-04-08,4,recovery_positive,34,34,34,34,2,2,0.8144512176513672,False
2019-04-09,4,deterioration,35,0,35,0,2,0,,True
2019-04-10,4,recovery_positive,23,23,23,23,2,2,0.7990155816078186,False
2019-04-13,4,recovery_positive,20,20,20,20,1,1,0.7969985604286194,False
2019-04-14,4,recovery_positive,16,16,16,16,1,1,0.8065377473831177,False
2019-04-15,4,recovery_positive,20,20,20,20,1,1,0.8028461933135986,False
2019-04-16,4,recovery_positive,21,21,21,21,2,2,0.7624927163124084,False
2019-04-17,4,deterioration,27,0,27,0,2,0,,True
2019-04-20,4,recovery_positive,12,12,12,12,1,1,0.7726396918296814,False
2019-04-22,4,deterioration,19,0,19,0,1,0,,True
2019-04-23,4,deterioration,20,0,20,0,1,0,,True
2019-04-24,4,deterioration,19,0,19,0,1,0,,True
2019-04-27,4,recovery_positive,17,17,17,17,1,1,0.7293274998664856,False
2019-04-28,4,deterioration,9,0,9,0,1,0,,True
2019-04-29,4,recovery_positive,10,10,10,10,1,1,0.7296938300132751,False
2019-04-30,4,recovery_positive,6,6,6,6,1,1,0.7169744372367859,False
2019-05-01,4,recovery_positive,5,5,5,5,1,1,0.7154740691184998,False
2019-05-04,4,recovery_positive,5,5,5,5,1,1,0.6910313963890076,False
2019-05-05,4,recovery_positive,4,4,4,4,1,1,0.6825253963470459,False
2019-05-06,4,deterioration,15,0,15,0,1,0,,True
2019-05-07,4,deterioration,22,0,22,0,2,0,,True
2019-05-08,4,deterioration,16,0,16,0,1,0,,True
2019-05-11,4,deterioration,24,0,24,0,2,0,,True
2019-05-12,4,deterioration,27,0,27,0,2,0,,True
2019-05-13,4,deterioration,20,0,20,0,1,0,,True
2019-05-14,4,recovery_positive,14,14,14,14,1,1,0.6512629389762878,False
2019-05-15,4,recovery_positive,15,15,15,15,1,1,0.6594071388244629,False
2019-05-18,4,recovery_positive,14,14,14,14,1,1,0.6802687644958496,False
2019-05-19,4,recovery_positive,13,13,13,13,1,1,0.6803542971611023,False
2019-05-20,4,recovery_positive,20,20,20,20,1,1,0.6329671144485474,False
2019-05-21,4,deterioration,13,0,13,0,1,0,,True
2019-05-22,4,deterioration,9,0,9,0,1,0,,True
2019-05-25,4,deterioration,13,0,13,0,1,0,,True
2019-05-26,4,recovery_positive,9,9,9,9,1,1,0.6791073083877563,False
2019-05-28,4,recovery_positive,7,7,7,7,1,1,0.6714840531349182,False
2019-05-29,4,recovery_positive,13,13,13,13,1,1,0.6768555641174316,False
2019-06-01,4,recovery_positive,14,14,14,14,1,1,0.6660796403884888,False
2019-06-02,4,recovery_positive,22,22,22,22,2,2,0.6774287223815918,False
2019-06-03,4,recovery_positive,32,32,32,32,2,2,0.6753669381141663,False
2019-06-08,4,deterioration,34,0,34,0,2,0,,True
2019-06-09,4,recovery_positive,31,31,31,31,2,2,0.6722737550735474,False
2019-06-10,4,recovery_positive,32,32,32,32,2,2,0.6758064031600952,False
2019-06-11,4,recovery_positive,30,30,30,30,2,2,0.6799329519271851,False
2019-06-12,4,recovery_positive,24,24,24,24,2,2,0.7232341170310974,False
2019-06-15,4,recovery_positive,24,24,24,24,2,2,0.6724693179130554,False
2019-06-16,4,deterioration,21,0,21,0,2,0,,True
2019-06-17,4,deterioration,22,0,22,0,2,0,,True
2019-06-18,4,deterioration,31,0,31,0,2,0,,True
2019-06-19,4,deterioration,38,0,38,0,2,0,,True
2019-06-22,4,deterioration,39,0,39,0,2,0,,True
2019-06-23,4,deterioration,23,0,23,0,2,0,,True
2019-06-24,4,deterioration,20,0,20,0,1,0,,True
2019-06-25,4,recovery_positive,18,18,18,18,1,1,0.5924544930458069,False
2019-06-26,4,recovery_positive,19,19,19,19,1,1,0.682823896408081,False
2019-06-30,4,recovery_positive,15,15,15,15,1,1,0.6835525035858154,False
2019-07-01,4,recovery_positive,13,13,13,13,1,1,0.6573205590248108,False
2019-07-02,4,recovery_positive,10,10,10,10,1,1,0.6653403043746948,False
2019-07-03,4,recovery_positive,14,14,14,14,1,1,0.6724429726600647,False
2019-07-06,4,deterioration,17,0,17,0,1,0,,True
2019-07-07,4,recovery_positive,12,12,12,12,1,1,0.5906911492347717,False
2019-07-08,4,recovery_positive,10,10,10,10,1,1,0.5951499938964844,False
2019-07-09,4,recovery_positive,8,8,8,8,1,1,0.5611856579780579,False
2019-07-10,4,deterioration,11,0,11,0,1,0,,True
2019-07-13,4,recovery_positive,16,16,16,16,1,1,0.5992047190666199,False
2019-07-14,4,deterioration,18,0,18,0,1,0,,True
2019-07-15,4,deterioration,30,0,22,0,2,0,,True
2019-07-16,4,deterioration,56,0,56,0,3,0,,True
2019-07-17,4,deterioration,49,0,32,0,3,0,,True
2019-07-20,4,deterioration,46,0,37,0,3,0,,True
2019-07-21,4,deterioration,40,0,33,0,2,0,,True
2019-07-22,4,deterioration,50,0,44,0,3,0,,True
2019-07-23,4,deterioration,68,0,66,0,4,0,,True
2019-07-24,4,deterioration,63,0,52,0,4,0,,True
2019-07-27,4,recovery_negative,63,63,61,61,4,4,0.4903436005115509,False
2019-07-28,4,deterioration,63,0,60,0,4,0,,True
2019-07-29,4,deterioration,69,0,64,0,4,0,,True
2019-07-30,4,recovery_positive,63,63,63,63,4,4,0.5112892389297485,False
2019-07-31,4,recovery_positive,53,53,53,53,3,3,0.5453758239746094,False
2019-08-03,4,recovery_positive,52,52,52,52,3,3,0.5880393981933594,False
2019-08-04,4,recovery_positive,38,38,38,38,2,2,0.5953306555747986,False
2019-08-05,4,recovery_positive,39,39,39,39,2,2,0.626731276512146,False
2019-08-06,4,recovery_positive,43,43,43,43,3,3,0.5676051378250122,False
2019-08-07,4,recovery_positive,40,40,40,40,2,2,0.5579266548156738,False
2019-08-10,4,recovery_positive,39,39,39,39,2,2,0.5601165294647217,False
2019-08-11,4,recovery_positive,36,36,36,36,2,2,0.5362937450408936,False
2019-08-13,4,recovery_positive,33,33,33,33,2,2,0.6235488653182983,False
2019-08-14,4,recovery_positive,30,30,30,30,2,2,0.8318332433700562,False
2019-08-17,4,recovery_positive,27,27,27,27,2,2,0.806939959526062,False
2019-08-18,4,recovery_positive,37,37,37,37,2,2,0.7605236172676086,False
2019-08-19,4,recovery_positive,32,32,32,32,2,2,0.8154336214065552,False
2019-08-21,4,recovery_positive,19,19,19,19,1,1,0.8326779007911682,False
2019-08-24,4,recovery_positive,18,18,18,18,1,1,0.7933535575866699,False
2019-08-25,4,recovery_positive,22,22,22,22,2,2,0.7763140797615051,False
2019-08-26,4,recovery_positive,17,17,17,17,1,1,0.8209947347640991,False
2019-08-27,4,recovery_positive,26,26,26,26,2,2,0.826262354850769,False
2019-08-28,4,recovery_positive,25,25,25,25,2,2,0.8039456009864807,False
2019-08-31,4,deterioration,20,0,20,0,1,0,,True
2019-09-01,4,deterioration,17,0,17,0,1,0,,True
2019-09-02,4,deterioration,16,0,16,0,1,0,,True
2019-09-03,4,deterioration,21,0,21,0,2,0,,True
2019-09-04,4,deterioration,17,0,17,0,1,0,,True
2019-09-07,4,recovery_positive,8,8,8,8,1,1,0.6768806576728821,False
2019-09-08,4,recovery_positive,6,6,6,6,1,1,0.6797996759414673,False
2019-09-11,4,recovery_positive,5,5,5,5,1,1,0.6842595934867859,False
2019-09-14,4,recovery_positive,1,1,1,1,1,1,0.6738668084144592,False
2019-09-15,4,recovery_positive,1,1,1,1,1,1,0.6419495940208435,False
2019-09-16,4,recovery_positive,8,8,8,8,1,1,0.6845523715019226,False
2019-09-17,4,deterioration,12,0,12,0,1,0,,True
2019-09-18,4,deterioration,16,0,16,0,1,0,,True
2019-09-21,4,deterioration,13,0,13,0,1,0,,True
2019-09-22,4,deterioration,4,0,4,0,1,0,,True
2019-09-23,4,deterioration,7,0,7,0,1,0,,True
2019-09-24,4,deterioration,13,0,13,0,1,0,,True
2019-09-25,4,recovery_positive,12,12,12,12,1,1,0.6870368123054504,False
2019-09-28,4,recovery_positive,11,11,11,11,1,1,0.6736111044883728,False
2019-09-29,4,recovery_positive,15,15,15,15,1,1,0.6731048822402954,False
2019-09-30,4,recovery_positive,17,17,17,17,1,1,0.6761007905006409,False
2019-10-01,4,deterioration,15,0,15,0,1,0,,True
2019-10-02,4,deterioration,17,0,17,0,1,0,,True
2019-10-05,4,deterioration,18,0,18,0,1,0,,True
2019-10-06,4,deterioration,24,0,24,0,2,0,,True
2019-10-07,4,deterioration,22,0,22,0,2,0,,True
2019-10-08,4,deterioration,30,0,30,0,2,0,,True
2019-10-09,4,deterioration,27,0,25,0,2,0,,True
2019-10-12,4,deterioration,24,0,24,0,2,0,,True
2019-10-13,4,deterioration,30,0,23,0,2,0,,True
2019-10-14,4,deterioration,39,0,39,0,2,0,,True
2019-10-15,4,deterioration,40,0,40,0,2,0,,True
2019-10-16,4,deterioration,51,0,51,0,3,0,,True
2019-10-20,4,deterioration,53,0,53,0,3,0,,True
2019-10-21,4,deterioration,58,0,58,0,3,0,,True
2019-10-22,4,deterioration,55,0,55,0,3,0,,True
2019-10-23,4,deterioration,62,0,62,0,4,0,,True
2019-10-26,4,deterioration,70,0,70,0,4,0,,True
2019-10-28,4,recovery_negative,55,55,55,55,3,3,0.57741379737854,False
2019-10-30,4,recovery_negative,47,47,47,47,3,3,0.4997502565383911,False
2019-11-02,4,recovery_negative,56,56,55,55,3,3,0.4918107688426971,False
2019-11-03,4,recovery_negative,55,55,53,53,3,3,0.4788333177566528,False
2019-11-04,4,recovery_negative,68,68,67,67,4,4,0.4818540215492248,False
2019-11-05,4,recovery_negative,67,67,61,61,4,4,0.4617462158203125,False
2019-11-09,4,recovery_negative,75,75,40,40,4,4,0.4767683744430542,False
2019-11-10,4,deterioration,76,0,49,0,4,0,,True
2019-11-11,4,recovery_negative,69,69,46,46,4,4,0.5035859942436218,False
2019-11-12,4,recovery_positive,64,64,64,64,4,4,0.4977919161319732,False
2019-11-13,4,recovery_positive,61,61,61,61,4,4,0.4864486157894134,False
2019-11-16,4,recovery_positive,60,60,59,59,3,3,0.4944866597652435,False
2019-11-17,4,recovery_negative,115,115,114,114,6,6,0.5461441874504089,False
2019-11-18,4,deterioration,122,0,97,0,7,0,,True
2019-11-19,4,deterioration,122,0,59,0,7,0,,True
2019-11-20,4,recovery_positive,139,139,137,137,7,7,0.4754649996757507,False
2019-11-23,4,recovery_positive,149,149,149,149,8,8,0.493450254201889,False
2019-11-24,4,recovery_positive,129,129,129,129,7,7,0.5209612846374512,False
2019-11-25,4,recovery_positive,79,79,79,79,4,4,0.6440669894218445,False
2019-11-26,4,recovery_positive,65,65,65,65,4,4,0.6289796233177185,False
2019-11-27,4,recovery_positive,59,59,59,59,3,3,0.6478994488716125,False
2019-11-30,4,recovery_positive,42,42,42,42,3,3,0.6564396619796753,False
2019-12-01,4,recovery_positive,31,31,31,31,2,2,0.670925498008728,False
2019-12-02,4,recovery_positive,39,39,39,39,2,2,0.6591314673423767,False
2019-12-03,4,recovery_positive,35,35,35,35,2,2,0.6967843174934387,False
2019-12-04,4,recovery_positive,28,28,28,28,2,2,0.6921157240867615,False
2019-12-07,4,recovery_positive,23,23,23,23,2,2,0.6912358403205872,False
2019-12-08,4,recovery_positive,14,14,14,14,1,1,0.6938311457633972,False
2019-12-09,4,recovery_positive,12,12,12,12,1,1,0.699152946472168,False
2019-12-10,4,recovery_positive,19,19,19,19,1,1,0.6952853202819824,False
2019-12-11,4,recovery_positive,14,14,14,14,1,1,0.6889266967773438,False
2019-12-14,4,recovery_positive,12,12,12,12,1,1,0.6933902502059937,False
2019-12-15,4,recovery_positive,15,15,15,15,1,1,0.8123498558998108,False
2019-12-16,4,recovery_positive,18,18,18,18,1,1,0.8117616772651672,False
2019-12-17,4,recovery_positive,18,18,18,18,1,1,0.8027116656303406,False
2019-12-18,4,recovery_positive,9,9,9,9,1,1,0.7805492281913757,False
2019-12-21,4,deterioration,9,0,9,0,1,0,,True
2019-12-22,4,recovery_positive,4,4,4,4,1,1,0.7985972166061401,False
2019-12-23,4,deterioration,8,0,8,0,1,0,,True
2019-12-24,4,deterioration,4,0,4,0,1,0,,True
2019-12-25,4,deterioration,6,0,6,0,1,0,,True
2019-12-28,4,recovery_positive,5,5,5,5,1,1,0.8172352910041809,False
2019-12-29,4,recovery_positive,4,4,4,4,1,1,0.7956582903862,False
2019-12-30,4,recovery_positive,3,3,3,3,1,1,0.8051765561103821,False
2019-12-31,4,recovery_positive,4,4,4,4,1,1,0.7721632719039917,False
2020-01-01,4,recovery_positive,3,3,3,3,1,1,0.8193182349205017,False
2020-01-04,4,deterioration,9,0,9,0,1,0,,True
2020-01-05,5,deterioration,15,0,15,0,1,0,,True
2020-01-07,5,deterioration,39,0,39,0,2,0,,True
2020-01-08,5,deterioration,41,0,41,0,3,0,,True
2020-01-11,5,deterioration,28,0,28,0,2,0,,True
2020-01-12,5,deterioration,16,0,16,0,1,0,,True
2020-01-13,5,recovery_positive,4,4,4,4,1,1,0.6952624917030334,False
2020-01-14,5,recovery_positive,4,4,4,4,1,1,0.7828906774520874,False
2020-01-15,5,recovery_positive,4,4,4,4,1,1,0.7792364358901978,False
2020-01-18,5,recovery_positive,2,2,2,2,1,1,0.7666322588920593,False
2020-01-19,5,recovery_positive,1,1,1,1,1,1,0.6823591589927673,False
2020-01-20,5,recovery_positive,2,2,2,2,1,1,0.7915138006210327,False
2020-01-21,5,recovery_positive,2,2,2,2,1,1,0.7763041853904724,False
2020-01-22,5,recovery_positive,3,3,3,3,1,1,0.7746877670288086,False
2020-01-25,5,recovery_positive,1,1,1,1,1,1,0.7477323412895203,False
2020-01-26,5,recovery_positive,4,4,4,4,1,1,0.7600809335708618,False
2020-01-27,5,recovery_positive,5,5,5,5,1,1,0.770753026008606,False
2020-01-28,5,recovery_positive,2,2,2,2,1,1,0.7761483788490295,False
2020-02-01,5,deterioration,1,0,1,0,1,0,,True
2020-02-02,5,deterioration,1,0,1,0,1,0,,True
2020-02-03,5,recovery_positive,1,1,1,1,1,1,0.8107603192329407,False
2020-02-04,5,deterioration,6,0,6,0,1,0,,True
2020-02-05,5,recovery_positive,4,4,4,4,1,1,0.6908756494522095,False
2020-02-08,5,deterioration,5,0,5,0,1,0,,True
2020-02-09,5,deterioration,6,0,6,0,1,0,,True
2020-02-10,5,deterioration,10,0,10,0,1,0,,True
2020-02-12,5,deterioration,7,0,7,0,1,0,,True
2020-02-15,5,deterioration,8,0,8,0,1,0,,True
2020-02-16,5,deterioration,7,0,7,0,1,0,,True
2020-02-17,5,deterioration,6,0,6,0,1,0,,True
2020-02-18,5,recovery_positive,5,5,5,5,1,1,0.8053962588310242,False
2020-02-19,5,deterioration,4,0,4,0,1,0,,True
2020-02-22,5,recovery_positive,3,3,3,3,1,1,0.7622807621955872,False
2020-02-23,5,recovery_positive,1,1,1,1,1,1,0.6917884945869446,False
2020-02-24,5,recovery_positive,2,2,2,2,1,1,0.7659931778907776,False
2020-02-26,5,recovery_positive,3,3,3,3,1,1,0.7091707587242126,False
2020-02-29,5,recovery_positive,7,7,7,7,1,1,0.6555901169776917,False
2020-03-01,5,recovery_positive,4,4,4,4,1,1,0.8044717907905579,False
2020-03-02,5,recovery_positive,2,2,2,2,1,1,0.8057795763015747,False
2020-03-03,5,broad_advance,2,0,2,0,1,0,,True
2020-03-04,5,broad_advance,4,0,4,0,1,0,,True
2020-03-07,5,recovery_positive,4,4,4,4,1,1,0.6328514218330383,False
2020-03-09,5,deterioration,11,0,11,0,1,0,,True
2020-03-10,5,deterioration,14,0,14,0,1,0,,True
2020-03-11,5,deterioration,7,0,7,0,1,0,,True
2020-03-14,5,deterioration,12,0,12,0,1,0,,True
2020-03-15,5,deterioration,16,0,16,0,1,0,,True
2020-03-16,5,deterioration,21,0,21,0,2,0,,True
2020-03-17,5,deterioration,25,0,25,0,2,0,,True
2020-03-18,5,deterioration,17,0,17,0,1,0,,True
2020-03-24,5,recovery_positive,23,23,23,23,2,2,0.8190817832946777,False
2020-03-25,5,recovery_positive,10,10,10,10,1,1,0.8287208080291748,False
2020-03-28,5,recovery_positive,6,6,6,6,1,1,0.8057908415794373,False
2020-03-29,5,recovery_positive,9,9,9,9,1,1,0.8183594346046448,False
2020-03-30,5,recovery_positive,11,11,11,11,1,1,0.8212404847145081,False
2020-04-04,5,recovery_positive,5,5,5,5,1,1,0.8100973963737488,False
2020-04-05,5,recovery_positive,7,7,7,7,1,1,0.8183684349060059,False
2020-04-06,5,recovery_positive,7,7,7,7,1,1,0.8085390329360962,False
2020-04-07,5,recovery_positive,5,5,5,5,1,1,0.8288666009902954,False
2020-04-08,5,recovery_positive,3,3,3,3,1,1,0.8196538686752319,False
2020-04-11,5,recovery_positive,3,3,3,3,1,1,0.8307157754898071,False
2020-04-12,5,recovery_positive,1,1,1,1,1,1,0.8059912919998169,False
2020-04-13,5,recovery_positive,1,1,1,1,1,1,0.7696382403373718,False
2020-04-14,5,deterioration,7,0,7,0,1,0,,True
2020-04-15,5,deterioration,3,0,3,0,1,0,,True
2020-04-18,5,broad_advance,4,0,4,0,1,0,,True
2020-04-19,5,deterioration,9,0,9,0,1,0,,True
2020-04-20,5,broad_advance,4,0,4,0,1,0,,True
2020-04-21,5,broad_advance,3,0,3,0,1,0,,True
2020-04-22,5,broad_advance,2,0,2,0,1,0,,True
2020-04-25,5,broad_advance,1,0,1,0,1,0,,True
2020-04-26,5,broad_advance,1,0,1,0,1,0,,True
2020-04-27,5,broad_advance,1,0,1,0,1,0,,True
2020-04-28,5,broad_advance,1,0,1,0,1,0,,True
2020-05-02,5,broad_advance,1,0,1,0,1,0,,True
2020-05-03,5,broad_advance,1,0,1,0,1,0,,True
2020-05-04,5,broad_advance,1,0,1,0,1,0,,True
2020-05-05,5,broad_advance,1,0,1,0,1,0,,True
2020-05-06,5,broad_advance,2,0,2,0,1,0,,True
2020-05-09,5,broad_advance,3,0,3,0,1,0,,True
2020-05-10,5,broad_advance,5,0,5,0,1,0,,True
2020-05-11,5,broad_advance,6,0,6,0,1,0,,True
2020-05-12,5,deterioration,7,0,7,0,1,0,,True
2020-05-13,5,deterioration,12,0,12,0,1,0,,True
2020-05-16,5,deterioration,17,0,17,0,1,0,,True
2020-05-17,5,deterioration,15,0,15,0,1,0,,True
2020-05-18,5,deterioration,10,0,10,0,1,0,,True
2020-05-19,5,deterioration,13,0,13,0,1,0,,True
2020-05-20,5,deterioration,16,0,16,0,1,0,,True
2020-05-23,5,deterioration,19,0,19,0,1,0,,True
2020-05-26,5,deterioration,17,0,17,0,1,0,,True
2020-05-27,5,deterioration,15,0,15,0,1,0,,True
2020-05-30,5,deterioration,15,0,15,0,1,0,,True
2020-05-31,5,deterioration,18,0,18,0,1,0,,True
2020-06-01,5,deterioration,14,0,14,0,1,0,,True
2020-06-02,5,recovery_positive,16,16,16,16,1,1,0.7630342841148376,False
2020-06-06,5,recovery_positive,18,18,18,18,1,1,0.7558057308197021,False
2020-06-07,5,recovery_positive,18,18,18,18,1,1,0.8134530782699585,False
2020-06-08,5,recovery_positive,13,13,13,13,1,1,0.821353018283844,False
2020-06-09,5,recovery_positive,13,13,13,13,1,1,0.8162369132041931,False
2020-06-10,5,recovery_positive,10,10,10,10,1,1,0.8164912462234497,False
2020-06-13,5,recovery_positive,10,10,10,10,1,1,0.8148106932640076,False
2020-06-14,5,recovery_positive,6,6,6,6,1,1,0.7846061587333679,False
2020-06-15,5,broad_advance,8,0,8,0,1,0,,True
2020-06-16,5,broad_advance,5,0,5,0,1,0,,True
2020-06-20,5,broad_advance,7,0,7,0,1,0,,True
2020-06-21,5,broad_advance,6,0,6,0,1,0,,True
2020-06-22,5,broad_advance,4,0,4,0,1,0,,True
2020-06-23,5,broad_advance,9,0,9,0,1,0,,True
2020-06-24,5,broad_advance,11,0,11,0,1,0,,True
2020-06-27,5,broad_advance,16,0,16,0,1,0,,True
2020-06-28,5,broad_advance,27,0,27,0,2,0,,True
2020-06-29,5,deterioration,25,0,25,0,2,0,,True
2020-06-30,5,broad_advance,14,0,14,0,1,0,,True
2020-07-01,5,broad_advance,15,0,15,0,1,0,,True
2020-07-04,5,deterioration,17,0,17,0,1,0,,True
2020-07-05,5,broad_advance,12,0,12,0,1,0,,True
2020-07-06,5,broad_advance,7,0,7,0,1,0,,True
2020-07-07,5,broad_advance,12,0,12,0,1,0,,True
2020-07-08,5,deterioration,21,0,21,0,2,0,,True
2020-07-11,5,deterioration,23,0,23,0,2,0,,True
2020-07-12,5,deterioration,23,0,23,0,2,0,,True
2020-07-13,5,deterioration,27,0,27,0,2,0,,True
2020-07-14,5,deterioration,27,0,27,0,2,0,,True
2020-07-15,5,deterioration,20,0,20,0,1,0,,True
2020-07-18,5,deterioration,15,0,15,0,1,0,,True
2020-07-19,5,deterioration,15,0,15,0,1,0,,True
2020-07-20,5,recovery_positive,14,14,14,14,1,1,0.8221086263656616,False
2020-07-21,5,recovery_positive,19,19,19,19,1,1,0.8136248588562012,False
2020-07-22,5,deterioration,21,0,21,0,2,0,,True
2020-07-25,5,deterioration,20,0,20,0,1,0,,True
2020-07-26,5,deterioration,23,0,23,0,2,0,,True
2020-07-27,5,deterioration,26,0,26,0,2,0,,True
2020-07-28,5,deterioration,27,0,27,0,2,0,,True
2020-07-29,5,deterioration,23,0,23,0,2,0,,True
2020-08-01,5,deterioration,15,0,15,0,1,0,,True
2020-08-02,5,recovery_positive,18,18,18,18,1,1,0.6904131174087524,False
2020-08-03,5,recovery_positive,24,24,24,24,2,2,0.7386752963066101,False
2020-08-04,5,recovery_positive,24,24,24,24,2,2,0.7360798120498657,False
2020-08-05,5,recovery_positive,21,21,21,21,2,2,0.754706084728241,False
2020-08-09,5,deterioration,36,0,36,0,2,0,,True
2020-08-10,5,deterioration,45,0,45,0,3,0,,True
2020-08-11,5,deterioration,52,0,52,0,3,0,,True
2020-08-12,5,deterioration,56,0,56,0,3,0,,True
2020-08-15,5,deterioration,56,0,56,0,3,0,,True
2020-08-16,5,deterioration,61,0,61,0,4,0,,True
2020-08-17,5,deterioration,59,0,43,0,3,0,,True
2020-08-18,5,deterioration,60,0,60,0,3,0,,True
2020-08-19,5,deterioration,70,0,70,0,4,0,,True
2020-08-22,5,deterioration,75,0,75,0,4,0,,True
2020-08-23,5,deterioration,71,0,71,0,4,0,,True
2020-08-24,5,deterioration,69,0,69,0,4,0,,True
2020-08-25,5,deterioration,76,0,76,0,4,0,,True
2020-08-26,5,deterioration,79,0,79,0,4,0,,True
2020-08-31,5,deterioration,62,0,62,0,4,0,,True
2020-09-01,5,deterioration,57,0,57,0,3,0,,True
2020-09-02,5,deterioration,65,0,65,0,4,0,,True
2020-09-05,5,deterioration,63,0,63,0,4,0,,True
2020-09-06,5,deterioration,66,0,66,0,4,0,,True
2020-09-07,5,broad_decline,57,0,57,0,3,0,,True
2020-09-08,5,broad_decline,55,0,55,0,3,0,,True
2020-09-09,5,broad_decline,60,0,60,0,3,0,,True
2020-09-12,5,broad_decline,54,0,54,0,3,0,,True
2020-09-13,5,broad_decline,53,0,53,0,3,0,,True
2020-09-14,5,broad_decline,53,0,53,0,3,0,,True
2020-09-15,5,broad_decline,58,0,58,0,3,0,,True
2020-09-16,5,broad_decline,58,0,58,0,3,0,,True
2020-09-19,5,broad_decline,51,0,51,0,3,0,,True
2020-09-20,5,broad_decline,62,0,62,0,4,0,,True
2020-09-21,5,broad_decline,65,0,65,0,4,0,,True
2020-09-22,5,broad_decline,64,0,64,0,4,0,,True
2020-09-23,5,broad_decline,52,0,52,0,3,0,,True
2020-09-26,5,broad_decline,54,0,54,0,3,0,,True
2020-09-27,5,broad_decline,60,0,60,0,3,0,,True
2020-09-28,5,broad_decline,55,0,55,0,3,0,,True
2020-09-29,5,broad_decline,62,0,62,0,4,0,,True
2020-09-30,5,broad_decline,60,0,60,0,3,0,,True
2020-10-03,5,broad_decline,62,0,62,0,4,0,,True
2020-10-04,5,broad_decline,71,0,71,0,4,0,,True
2020-10-05,5,broad_decline,70,0,70,0,4,0,,True
2020-10-06,5,recovery_negative,59,59,59,59,3,3,0.6341280341148376,False
2020-10-07,5,recovery_negative,71,71,71,71,4,4,0.6473954916000366,False
2020-10-10,5,recovery_negative,71,71,71,71,4,4,0.6652674674987793,False
2020-10-11,5,recovery_negative,63,63,63,63,4,4,0.6462048888206482,False
2020-10-12,5,recovery_negative,59,59,59,59,3,3,0.6062241792678833,False
2020-10-13,5,recovery_negative,63,63,63,63,4,4,0.6385068893432617,False
2020-10-14,5,recovery_negative,70,70,70,70,4,4,0.648119330406189,False
2020-10-18,5,deterioration,77,0,77,0,4,0,,True
2020-10-19,5,deterioration,76,0,76,0,4,0,,True
2020-10-20,5,deterioration,74,0,74,0,4,0,,True
2020-10-21,5,broad_decline,74,0,74,0,4,0,,True
2020-10-24,5,broad_decline,77,0,77,0,4,0,,True
2020-10-26,5,broad_decline,85,0,85,0,5,0,,True
2020-10-27,5,broad_decline,84,0,84,0,5,0,,True
2020-10-28,5,broad_decline,86,0,86,0,5,0,,True
2020-10-31,5,broad_decline,111,0,111,0,6,0,,True
2020-11-01,5,broad_decline,124,0,124,0,7,0,,True
2020-11-02,5,broad_decline,104,0,104,0,6,0,,True
2020-11-04,5,broad_decline,108,0,108,0,6,0,,True
2020-11-07,5,broad_decline,104,0,104,0,6,0,,True
2020-11-08,5,broad_decline,100,0,100,0,5,0,,True
2020-11-09,5,broad_decline,84,0,84,0,5,0,,True
2020-11-10,5,broad_decline,81,0,81,0,5,0,,True
2020-11-11,5,broad_decline,83,0,83,0,5,0,,True
2020-11-14,5,broad_decline,87,0,87,0,5,0,,True
2020-11-15,5,broad_decline,87,0,87,0,5,0,,True
2020-11-16,5,recovery_negative,88,88,88,88,5,5,0.6129497289657593,False
2020-11-17,5,recovery_negative,93,93,93,93,5,5,0.64918452501297,False
2020-11-18,5,recovery_negative,97,97,97,97,5,5,0.6237590312957764,False
2020-11-21,5,recovery_negative,95,95,95,95,5,5,0.5701749324798584,False
2020-11-22,5,recovery_negative,72,72,72,72,4,4,0.6117165088653564,False
2020-11-23,5,recovery_negative,74,74,74,74,4,4,0.6299841403961182,False
2020-11-24,5,recovery_negative,76,76,76,76,4,4,0.6128743290901184,False
2020-11-25,5,recovery_negative,60,60,60,60,3,3,0.6244654059410095,False
2020-11-28,5,recovery_negative,57,57,57,57,3,3,0.6228744983673096,False
2020-11-29,5,recovery_negative,68,68,68,68,4,4,0.5780165791511536,False
2020-11-30,5,recovery_negative,58,58,58,58,3,3,0.66986083984375,False
2020-12-01,5,recovery_negative,57,57,57,57,3,3,0.684788703918457,False
2020-12-02,5,recovery_negative,59,59,59,59,3,3,0.6804046034812927,False
2020-12-05,5,recovery_positive,38,38,38,38,2,2,0.722700834274292,False
2020-12-06,5,recovery_positive,37,37,37,37,2,2,0.7541496753692627,False
2020-12-07,5,recovery_positive,43,43,43,43,3,3,0.6237654685974121,False
2020-12-08,5,recovery_positive,37,37,37,37,2,2,0.7128533124923706,False
2020-12-09,5,recovery_positive,36,36,36,36,2,2,0.8010706305503845,False
2020-12-12,5,recovery_positive,38,38,38,38,2,2,0.8123182058334351,False
2020-12-13,5,recovery_positive,40,40,40,40,2,2,0.6526910066604614,False
2020-12-14,5,deterioration,45,0,45,0,3,0,,True
2020-12-15,5,deterioration,49,0,49,0,3,0,,True
2020-12-16,5,deterioration,53,0,53,0,3,0,,True
2020-12-19,5,deterioration,48,0,48,0,3,0,,True
2020-12-20,5,deterioration,57,0,57,0,3,0,,True
2020-12-21,5,deterioration,52,0,52,0,3,0,,True
2020-12-22,5,recovery_positive,47,47,47,47,3,3,0.7352375388145447,False
2020-12-23,5,recovery_positive,39,39,39,39,2,2,0.7899020314216614,False
2020-12-26,5,recovery_positive,39,39,39,39,2,2,0.8194040656089783,False
2020-12-27,5,recovery_positive,43,43,43,43,3,3,0.7069709897041321,False
2020-12-28,5,recovery_positive,40,40,40,40,2,2,0.6849074363708496,False
2020-12-29,5,deterioration,49,0,49,0,3,0,,True
2020-12-30,5,deterioration,59,0,59,0,3,0,,True
2021-01-02,5,deterioration,69,0,69,0,4,0,,True
2021-01-03,5,deterioration,56,0,55,0,3,0,,True
2021-01-04,5,deterioration,59,0,59,0,3,0,,True
2021-01-05,5,deterioration,61,0,61,0,4,0,,True
2021-01-06,5,deterioration,75,0,75,0,4,0,,True
2021-01-09,5,recovery_positive,76,76,76,76,4,4,0.6261411905288696,False
2021-01-10,5,recovery_positive,68,68,68,68,4,4,0.6445618271827698,False
2021-01-11,5,recovery_positive,75,75,75,75,4,4,0.5997307300567627,False
2021-01-12,5,deterioration,90,0,90,0,5,0,,True
2021-01-13,5,deterioration,89,0,89,0,5,0,,True
2021-01-16,5,deterioration,94,0,94,0,5,0,,True
2021-01-18,5,deterioration,73,0,73,0,4,0,,True
2021-01-19,5,deterioration,85,0,85,0,5,0,,True
2021-01-20,5,deterioration,79,0,79,0,4,0,,True
2021-01-23,5,deterioration,81,0,81,0,5,0,,True
2021-01-24,5,deterioration,90,0,90,0,5,0,,True
2021-01-25,5,recovery_negative,94,94,94,94,5,5,0.6448163390159607,False
2021-01-26,5,deterioration,94,0,94,0,5,0,,True
2021-01-27,5,deterioration,91,0,91,0,5,0,,True
2021-01-30,5,deterioration,85,0,85,0,5,0,,True
2021-01-31,5,recovery_negative,96,96,96,96,5,5,0.6445974111557007,False
2021-02-01,5,recovery_negative,83,83,78,78,5,5,0.53620445728302,False
2021-02-02,5,recovery_negative,79,79,74,74,4,4,0.5534756779670715,False
2021-02-03,5,deterioration,51,0,51,0,3,0,,True
2021-02-06,5,deterioration,56,0,56,0,3,0,,True
2021-02-07,5,deterioration,44,0,44,0,3,0,,True
2021-02-08,5,deterioration,35,0,35,0,2,0,,True
2021-02-09,5,recovery_negative,35,35,35,35,2,2,0.61296147108078,False
2021-02-13,5,recovery_negative,25,25,25,25,2,2,0.5382404923439026,False
2021-02-14,5,recovery_negative,23,23,23,23,2,2,0.49701988697052,False
2021-02-15,5,recovery_negative,22,22,22,22,2,2,0.5213491320610046,False
2021-02-16,5,recovery_negative,18,18,18,18,1,1,0.512801468372345,False
2021-02-17,5,deterioration,16,0,16,0,1,0,,True
2021-02-20,5,deterioration,17,0,17,0,1,0,,True
2021-02-21,5,deterioration,18,0,17,0,1,0,,True
2021-02-22,5,deterioration,24,0,2,0,2,0,,True
2021-02-23,5,deterioration,19,0,2,0,1,0,,True
2021-02-24,5,deterioration,25,0,8,0,2,0,,True
2021-02-27,5,deterioration,26,0,22,0,2,0,,True
2021-02-28,5,broad_decline,27,0,22,0,2,0,,True
2021-03-01,5,broad_decline,21,0,16,0,2,0,,True
2021-03-02,5,broad_decline,24,0,23,0,2,0,,True
2021-03-03,5,broad_decline,26,0,20,0,2,0,,True
2021-03-06,5,broad_decline,25,0,17,0,2,0,,True
2021-03-07,5,broad_decline,22,0,18,0,2,0,,True
2021-03-08,5,broad_decline,11,0,7,0,1,0,,True
2021-03-09,5,broad_decline,11,0,7,0,1,0,,True
2021-03-10,5,broad_decline,7,0,5,0,1,0,,True
2021-03-13,5,broad_decline,3,0,3,0,1,0,,True
2021-03-14,5,broad_decline,1,0,1,0,1,0,,True
